"","x"
"1","500px"
"2","accessible-icon"
"3","accusoft"
"4","acquisitions-incorporated"
"5","ad"
"6","address-book"
"7","address-card"
"8","adjust"
"9","adn"
"10","adversal"
"11","affiliatetheme"
"12","air-freshener"
"13","airbnb"
"14","algolia"
"15","align-center"
"16","align-justify"
"17","align-left"
"18","align-right"
"19","alipay"
"20","allergies"
"21","amazon"
"22","amazon-pay"
"23","ambulance"
"24","american-sign-language-interpreting"
"25","amilia"
"26","anchor"
"27","android"
"28","angellist"
"29","angle-double-down"
"30","angle-double-left"
"31","angle-double-right"
"32","angle-double-up"
"33","angle-down"
"34","angle-left"
"35","angle-right"
"36","angle-up"
"37","angry"
"38","angrycreative"
"39","angular"
"40","ankh"
"41","app-store"
"42","app-store-ios"
"43","apper"
"44","apple"
"45","apple-alt"
"46","apple-pay"
"47","archive"
"48","archway"
"49","arrow-alt-circle-down"
"50","arrow-alt-circle-left"
"51","arrow-alt-circle-right"
"52","arrow-alt-circle-up"
"53","arrow-circle-down"
"54","arrow-circle-left"
"55","arrow-circle-right"
"56","arrow-circle-up"
"57","arrow-down"
"58","arrow-left"
"59","arrow-right"
"60","arrow-up"
"61","arrows-alt"
"62","arrows-alt-h"
"63","arrows-alt-v"
"64","artstation"
"65","assistive-listening-systems"
"66","asterisk"
"67","asymmetrik"
"68","at"
"69","atlas"
"70","atlassian"
"71","atom"
"72","audible"
"73","audio-description"
"74","autoprefixer"
"75","avianex"
"76","aviato"
"77","award"
"78","aws"
"79","baby"
"80","baby-carriage"
"81","backspace"
"82","backward"
"83","bacon"
"84","bacteria"
"85","bacterium"
"86","bahai"
"87","balance-scale"
"88","balance-scale-left"
"89","balance-scale-right"
"90","ban"
"91","band-aid"
"92","bandcamp"
"93","barcode"
"94","bars"
"95","baseball-ball"
"96","basketball-ball"
"97","bath"
"98","battery-empty"
"99","battery-full"
"100","battery-half"
"101","battery-quarter"
"102","battery-three-quarters"
"103","battle-net"
"104","bed"
"105","beer"
"106","behance"
"107","behance-square"
"108","bell"
"109","bell-slash"
"110","bezier-curve"
"111","bible"
"112","bicycle"
"113","biking"
"114","bimobject"
"115","binoculars"
"116","biohazard"
"117","birthday-cake"
"118","bitbucket"
"119","bitcoin"
"120","bity"
"121","black-tie"
"122","blackberry"
"123","blender"
"124","blender-phone"
"125","blind"
"126","blog"
"127","blogger"
"128","blogger-b"
"129","bluetooth"
"130","bluetooth-b"
"131","bold"
"132","bolt"
"133","bomb"
"134","bone"
"135","bong"
"136","book"
"137","book-dead"
"138","book-medical"
"139","book-open"
"140","book-reader"
"141","bookmark"
"142","bootstrap"
"143","border-all"
"144","border-none"
"145","border-style"
"146","bowling-ball"
"147","box"
"148","box-open"
"149","box-tissue"
"150","boxes"
"151","braille"
"152","brain"
"153","bread-slice"
"154","briefcase"
"155","briefcase-medical"
"156","broadcast-tower"
"157","broom"
"158","brush"
"159","btc"
"160","buffer"
"161","bug"
"162","building"
"163","bullhorn"
"164","bullseye"
"165","burn"
"166","buromobelexperte"
"167","bus"
"168","bus-alt"
"169","business-time"
"170","buy-n-large"
"171","buysellads"
"172","calculator"
"173","calendar"
"174","calendar-alt"
"175","calendar-check"
"176","calendar-day"
"177","calendar-minus"
"178","calendar-plus"
"179","calendar-times"
"180","calendar-week"
"181","camera"
"182","camera-retro"
"183","campground"
"184","canadian-maple-leaf"
"185","candy-cane"
"186","cannabis"
"187","capsules"
"188","car"
"189","car-alt"
"190","car-battery"
"191","car-crash"
"192","car-side"
"193","caravan"
"194","caret-down"
"195","caret-left"
"196","caret-right"
"197","caret-square-down"
"198","caret-square-left"
"199","caret-square-right"
"200","caret-square-up"
"201","caret-up"
"202","carrot"
"203","cart-arrow-down"
"204","cart-plus"
"205","cash-register"
"206","cat"
"207","cc-amazon-pay"
"208","cc-amex"
"209","cc-apple-pay"
"210","cc-diners-club"
"211","cc-discover"
"212","cc-jcb"
"213","cc-mastercard"
"214","cc-paypal"
"215","cc-stripe"
"216","cc-visa"
"217","centercode"
"218","centos"
"219","certificate"
"220","chair"
"221","chalkboard"
"222","chalkboard-teacher"
"223","charging-station"
"224","chart-area"
"225","chart-bar"
"226","chart-line"
"227","chart-pie"
"228","check"
"229","check-circle"
"230","check-double"
"231","check-square"
"232","cheese"
"233","chess"
"234","chess-bishop"
"235","chess-board"
"236","chess-king"
"237","chess-knight"
"238","chess-pawn"
"239","chess-queen"
"240","chess-rook"
"241","chevron-circle-down"
"242","chevron-circle-left"
"243","chevron-circle-right"
"244","chevron-circle-up"
"245","chevron-down"
"246","chevron-left"
"247","chevron-right"
"248","chevron-up"
"249","child"
"250","chrome"
"251","chromecast"
"252","church"
"253","circle"
"254","circle-notch"
"255","city"
"256","clinic-medical"
"257","clipboard"
"258","clipboard-check"
"259","clipboard-list"
"260","clock"
"261","clone"
"262","closed-captioning"
"263","cloud"
"264","cloud-download-alt"
"265","cloud-meatball"
"266","cloud-moon"
"267","cloud-moon-rain"
"268","cloud-rain"
"269","cloud-showers-heavy"
"270","cloud-sun"
"271","cloud-sun-rain"
"272","cloud-upload-alt"
"273","cloudflare"
"274","cloudscale"
"275","cloudsmith"
"276","cloudversify"
"277","cocktail"
"278","code"
"279","code-branch"
"280","codepen"
"281","codiepie"
"282","coffee"
"283","cog"
"284","cogs"
"285","coins"
"286","columns"
"287","comment"
"288","comment-alt"
"289","comment-dollar"
"290","comment-dots"
"291","comment-medical"
"292","comment-slash"
"293","comments"
"294","comments-dollar"
"295","compact-disc"
"296","compass"
"297","compress"
"298","compress-alt"
"299","compress-arrows-alt"
"300","concierge-bell"
"301","confluence"
"302","connectdevelop"
"303","contao"
"304","cookie"
"305","cookie-bite"
"306","copy"
"307","copyright"
"308","cotton-bureau"
"309","couch"
"310","cpanel"
"311","creative-commons"
"312","creative-commons-by"
"313","creative-commons-nc"
"314","creative-commons-nc-eu"
"315","creative-commons-nc-jp"
"316","creative-commons-nd"
"317","creative-commons-pd"
"318","creative-commons-pd-alt"
"319","creative-commons-remix"
"320","creative-commons-sa"
"321","creative-commons-sampling"
"322","creative-commons-sampling-plus"
"323","creative-commons-share"
"324","creative-commons-zero"
"325","credit-card"
"326","critical-role"
"327","crop"
"328","crop-alt"
"329","cross"
"330","crosshairs"
"331","crow"
"332","crown"
"333","crutch"
"334","css3"
"335","css3-alt"
"336","cube"
"337","cubes"
"338","cut"
"339","cuttlefish"
"340","d-and-d"
"341","d-and-d-beyond"
"342","dailymotion"
"343","dashcube"
"344","database"
"345","deaf"
"346","deezer"
"347","delicious"
"348","democrat"
"349","deploydog"
"350","deskpro"
"351","desktop"
"352","dev"
"353","deviantart"
"354","dharmachakra"
"355","dhl"
"356","diagnoses"
"357","diaspora"
"358","dice"
"359","dice-d20"
"360","dice-d6"
"361","dice-five"
"362","dice-four"
"363","dice-one"
"364","dice-six"
"365","dice-three"
"366","dice-two"
"367","digg"
"368","digital-ocean"
"369","digital-tachograph"
"370","directions"
"371","discord"
"372","discourse"
"373","disease"
"374","divide"
"375","dizzy"
"376","dna"
"377","dochub"
"378","docker"
"379","dog"
"380","dollar-sign"
"381","dolly"
"382","dolly-flatbed"
"383","donate"
"384","door-closed"
"385","door-open"
"386","dot-circle"
"387","dove"
"388","download"
"389","draft2digital"
"390","drafting-compass"
"391","dragon"
"392","draw-polygon"
"393","dribbble"
"394","dribbble-square"
"395","dropbox"
"396","drum"
"397","drum-steelpan"
"398","drumstick-bite"
"399","drupal"
"400","dumbbell"
"401","dumpster"
"402","dumpster-fire"
"403","dungeon"
"404","dyalog"
"405","earlybirds"
"406","ebay"
"407","edge"
"408","edge-legacy"
"409","edit"
"410","egg"
"411","eject"
"412","elementor"
"413","ellipsis-h"
"414","ellipsis-v"
"415","ello"
"416","ember"
"417","empire"
"418","envelope"
"419","envelope-open"
"420","envelope-open-text"
"421","envelope-square"
"422","envira"
"423","equals"
"424","eraser"
"425","erlang"
"426","ethereum"
"427","ethernet"
"428","etsy"
"429","euro-sign"
"430","evernote"
"431","exchange-alt"
"432","exclamation"
"433","exclamation-circle"
"434","exclamation-triangle"
"435","expand"
"436","expand-alt"
"437","expand-arrows-alt"
"438","expeditedssl"
"439","external-link-alt"
"440","external-link-square-alt"
"441","eye"
"442","eye-dropper"
"443","eye-slash"
"444","facebook"
"445","facebook-f"
"446","facebook-messenger"
"447","facebook-square"
"448","fan"
"449","fantasy-flight-games"
"450","fast-backward"
"451","fast-forward"
"452","faucet"
"453","fax"
"454","feather"
"455","feather-alt"
"456","fedex"
"457","fedora"
"458","female"
"459","fighter-jet"
"460","figma"
"461","file"
"462","file-alt"
"463","file-archive"
"464","file-audio"
"465","file-code"
"466","file-contract"
"467","file-csv"
"468","file-download"
"469","file-excel"
"470","file-export"
"471","file-image"
"472","file-import"
"473","file-invoice"
"474","file-invoice-dollar"
"475","file-medical"
"476","file-medical-alt"
"477","file-pdf"
"478","file-powerpoint"
"479","file-prescription"
"480","file-signature"
"481","file-upload"
"482","file-video"
"483","file-word"
"484","fill"
"485","fill-drip"
"486","film"
"487","filter"
"488","fingerprint"
"489","fire"
"490","fire-alt"
"491","fire-extinguisher"
"492","firefox"
"493","firefox-browser"
"494","first-aid"
"495","first-order"
"496","first-order-alt"
"497","firstdraft"
"498","fish"
"499","fist-raised"
"500","flag"
"501","flag-checkered"
"502","flag-usa"
"503","flask"
"504","flickr"
"505","flipboard"
"506","flushed"
"507","fly"
"508","folder"
"509","folder-minus"
"510","folder-open"
"511","folder-plus"
"512","font"
"513","font-awesome"
"514","font-awesome-alt"
"515","font-awesome-flag"
"516","font-awesome-logo-full"
"517","fonticons"
"518","fonticons-fi"
"519","football-ball"
"520","fort-awesome"
"521","fort-awesome-alt"
"522","forumbee"
"523","forward"
"524","foursquare"
"525","free-code-camp"
"526","freebsd"
"527","frog"
"528","frown"
"529","frown-open"
"530","fulcrum"
"531","funnel-dollar"
"532","futbol"
"533","galactic-republic"
"534","galactic-senate"
"535","gamepad"
"536","gas-pump"
"537","gavel"
"538","gem"
"539","genderless"
"540","get-pocket"
"541","gg"
"542","gg-circle"
"543","ghost"
"544","gift"
"545","gifts"
"546","git"
"547","git-alt"
"548","git-square"
"549","github"
"550","github-alt"
"551","github-square"
"552","gitkraken"
"553","gitlab"
"554","gitter"
"555","glass-cheers"
"556","glass-martini"
"557","glass-martini-alt"
"558","glass-whiskey"
"559","glasses"
"560","glide"
"561","glide-g"
"562","globe"
"563","globe-africa"
"564","globe-americas"
"565","globe-asia"
"566","globe-europe"
"567","gofore"
"568","golf-ball"
"569","goodreads"
"570","goodreads-g"
"571","google"
"572","google-drive"
"573","google-pay"
"574","google-play"
"575","google-plus"
"576","google-plus-g"
"577","google-plus-square"
"578","google-wallet"
"579","gopuram"
"580","graduation-cap"
"581","gratipay"
"582","grav"
"583","greater-than"
"584","greater-than-equal"
"585","grimace"
"586","grin"
"587","grin-alt"
"588","grin-beam"
"589","grin-beam-sweat"
"590","grin-hearts"
"591","grin-squint"
"592","grin-squint-tears"
"593","grin-stars"
"594","grin-tears"
"595","grin-tongue"
"596","grin-tongue-squint"
"597","grin-tongue-wink"
"598","grin-wink"
"599","grip-horizontal"
"600","grip-lines"
"601","grip-lines-vertical"
"602","grip-vertical"
"603","gripfire"
"604","grunt"
"605","guilded"
"606","guitar"
"607","gulp"
"608","h-square"
"609","hacker-news"
"610","hacker-news-square"
"611","hackerrank"
"612","hamburger"
"613","hammer"
"614","hamsa"
"615","hand-holding"
"616","hand-holding-heart"
"617","hand-holding-medical"
"618","hand-holding-usd"
"619","hand-holding-water"
"620","hand-lizard"
"621","hand-middle-finger"
"622","hand-paper"
"623","hand-peace"
"624","hand-point-down"
"625","hand-point-left"
"626","hand-point-right"
"627","hand-point-up"
"628","hand-pointer"
"629","hand-rock"
"630","hand-scissors"
"631","hand-sparkles"
"632","hand-spock"
"633","hands"
"634","hands-helping"
"635","hands-wash"
"636","handshake"
"637","handshake-alt-slash"
"638","handshake-slash"
"639","hanukiah"
"640","hard-hat"
"641","hashtag"
"642","hat-cowboy"
"643","hat-cowboy-side"
"644","hat-wizard"
"645","hdd"
"646","head-side-cough"
"647","head-side-cough-slash"
"648","head-side-mask"
"649","head-side-virus"
"650","heading"
"651","headphones"
"652","headphones-alt"
"653","headset"
"654","heart"
"655","heart-broken"
"656","heartbeat"
"657","helicopter"
"658","highlighter"
"659","hiking"
"660","hippo"
"661","hips"
"662","hire-a-helper"
"663","history"
"664","hive"
"665","hockey-puck"
"666","holly-berry"
"667","home"
"668","hooli"
"669","hornbill"
"670","horse"
"671","horse-head"
"672","hospital"
"673","hospital-alt"
"674","hospital-symbol"
"675","hospital-user"
"676","hot-tub"
"677","hotdog"
"678","hotel"
"679","hotjar"
"680","hourglass"
"681","hourglass-end"
"682","hourglass-half"
"683","hourglass-start"
"684","house-damage"
"685","house-user"
"686","houzz"
"687","hryvnia"
"688","html5"
"689","hubspot"
"690","i-cursor"
"691","ice-cream"
"692","icicles"
"693","icons"
"694","id-badge"
"695","id-card"
"696","id-card-alt"
"697","ideal"
"698","igloo"
"699","image"
"700","images"
"701","imdb"
"702","inbox"
"703","indent"
"704","industry"
"705","infinity"
"706","info"
"707","info-circle"
"708","innosoft"
"709","instagram"
"710","instagram-square"
"711","instalod"
"712","intercom"
"713","internet-explorer"
"714","invision"
"715","ioxhost"
"716","italic"
"717","itch-io"
"718","itunes"
"719","itunes-note"
"720","java"
"721","jedi"
"722","jedi-order"
"723","jenkins"
"724","jira"
"725","joget"
"726","joint"
"727","joomla"
"728","journal-whills"
"729","js"
"730","js-square"
"731","jsfiddle"
"732","kaaba"
"733","kaggle"
"734","key"
"735","keybase"
"736","keyboard"
"737","keycdn"
"738","khanda"
"739","kickstarter"
"740","kickstarter-k"
"741","kiss"
"742","kiss-beam"
"743","kiss-wink-heart"
"744","kiwi-bird"
"745","korvue"
"746","landmark"
"747","language"
"748","laptop"
"749","laptop-code"
"750","laptop-house"
"751","laptop-medical"
"752","laravel"
"753","lastfm"
"754","lastfm-square"
"755","laugh"
"756","laugh-beam"
"757","laugh-squint"
"758","laugh-wink"
"759","layer-group"
"760","leaf"
"761","leanpub"
"762","lemon"
"763","less"
"764","less-than"
"765","less-than-equal"
"766","level-down-alt"
"767","level-up-alt"
"768","life-ring"
"769","lightbulb"
"770","line"
"771","link"
"772","linkedin"
"773","linkedin-in"
"774","linode"
"775","linux"
"776","lira-sign"
"777","list"
"778","list-alt"
"779","list-ol"
"780","list-ul"
"781","location-arrow"
"782","lock"
"783","lock-open"
"784","long-arrow-alt-down"
"785","long-arrow-alt-left"
"786","long-arrow-alt-right"
"787","long-arrow-alt-up"
"788","low-vision"
"789","luggage-cart"
"790","lungs"
"791","lungs-virus"
"792","lyft"
"793","magento"
"794","magic"
"795","magnet"
"796","mail-bulk"
"797","mailchimp"
"798","male"
"799","mandalorian"
"800","map"
"801","map-marked"
"802","map-marked-alt"
"803","map-marker"
"804","map-marker-alt"
"805","map-pin"
"806","map-signs"
"807","markdown"
"808","marker"
"809","mars"
"810","mars-double"
"811","mars-stroke"
"812","mars-stroke-h"
"813","mars-stroke-v"
"814","mask"
"815","mastodon"
"816","maxcdn"
"817","mdb"
"818","medal"
"819","medapps"
"820","medium"
"821","medium-m"
"822","medkit"
"823","medrt"
"824","meetup"
"825","megaport"
"826","meh"
"827","meh-blank"
"828","meh-rolling-eyes"
"829","memory"
"830","mendeley"
"831","menorah"
"832","mercury"
"833","meteor"
"834","microblog"
"835","microchip"
"836","microphone"
"837","microphone-alt"
"838","microphone-alt-slash"
"839","microphone-slash"
"840","microscope"
"841","microsoft"
"842","minus"
"843","minus-circle"
"844","minus-square"
"845","mitten"
"846","mix"
"847","mixcloud"
"848","mixer"
"849","mizuni"
"850","mobile"
"851","mobile-alt"
"852","modx"
"853","monero"
"854","money-bill"
"855","money-bill-alt"
"856","money-bill-wave"
"857","money-bill-wave-alt"
"858","money-check"
"859","money-check-alt"
"860","monument"
"861","moon"
"862","mortar-pestle"
"863","mosque"
"864","motorcycle"
"865","mountain"
"866","mouse"
"867","mouse-pointer"
"868","mug-hot"
"869","music"
"870","napster"
"871","neos"
"872","network-wired"
"873","neuter"
"874","newspaper"
"875","nimblr"
"876","node"
"877","node-js"
"878","not-equal"
"879","notes-medical"
"880","npm"
"881","ns8"
"882","nutritionix"
"883","object-group"
"884","object-ungroup"
"885","octopus-deploy"
"886","odnoklassniki"
"887","odnoklassniki-square"
"888","oil-can"
"889","old-republic"
"890","om"
"891","opencart"
"892","openid"
"893","opera"
"894","optin-monster"
"895","orcid"
"896","osi"
"897","otter"
"898","outdent"
"899","page4"
"900","pagelines"
"901","pager"
"902","paint-brush"
"903","paint-roller"
"904","palette"
"905","palfed"
"906","pallet"
"907","paper-plane"
"908","paperclip"
"909","parachute-box"
"910","paragraph"
"911","parking"
"912","passport"
"913","pastafarianism"
"914","paste"
"915","patreon"
"916","pause"
"917","pause-circle"
"918","paw"
"919","paypal"
"920","peace"
"921","pen"
"922","pen-alt"
"923","pen-fancy"
"924","pen-nib"
"925","pen-square"
"926","pencil-alt"
"927","pencil-ruler"
"928","penny-arcade"
"929","people-arrows"
"930","people-carry"
"931","pepper-hot"
"932","perbyte"
"933","percent"
"934","percentage"
"935","periscope"
"936","person-booth"
"937","phabricator"
"938","phoenix-framework"
"939","phoenix-squadron"
"940","phone"
"941","phone-alt"
"942","phone-slash"
"943","phone-square"
"944","phone-square-alt"
"945","phone-volume"
"946","photo-video"
"947","php"
"948","pied-piper"
"949","pied-piper-alt"
"950","pied-piper-hat"
"951","pied-piper-pp"
"952","pied-piper-square"
"953","piggy-bank"
"954","pills"
"955","pinterest"
"956","pinterest-p"
"957","pinterest-square"
"958","pizza-slice"
"959","place-of-worship"
"960","plane"
"961","plane-arrival"
"962","plane-departure"
"963","plane-slash"
"964","play"
"965","play-circle"
"966","playstation"
"967","plug"
"968","plus"
"969","plus-circle"
"970","plus-square"
"971","podcast"
"972","poll"
"973","poll-h"
"974","poo"
"975","poo-storm"
"976","poop"
"977","portrait"
"978","pound-sign"
"979","power-off"
"980","pray"
"981","praying-hands"
"982","prescription"
"983","prescription-bottle"
"984","prescription-bottle-alt"
"985","print"
"986","procedures"
"987","product-hunt"
"988","project-diagram"
"989","pump-medical"
"990","pump-soap"
"991","pushed"
"992","puzzle-piece"
"993","python"
"994","qq"
"995","qrcode"
"996","question"
"997","question-circle"
"998","quidditch"
"999","quinscape"
"1000","quora"
"1001","quote-left"
"1002","quote-right"
"1003","quran"
"1004","r-project"
"1005","radiation"
"1006","radiation-alt"
"1007","rainbow"
"1008","random"
"1009","raspberry-pi"
"1010","ravelry"
"1011","react"
"1012","reacteurope"
"1013","readme"
"1014","rebel"
"1015","receipt"
"1016","record-vinyl"
"1017","recycle"
"1018","red-river"
"1019","reddit"
"1020","reddit-alien"
"1021","reddit-square"
"1022","redhat"
"1023","redo"
"1024","redo-alt"
"1025","registered"
"1026","remove-format"
"1027","renren"
"1028","reply"
"1029","reply-all"
"1030","replyd"
"1031","republican"
"1032","researchgate"
"1033","resolving"
"1034","restroom"
"1035","retweet"
"1036","rev"
"1037","ribbon"
"1038","ring"
"1039","road"
"1040","robot"
"1041","rocket"
"1042","rocketchat"
"1043","rockrms"
"1044","route"
"1045","rss"
"1046","rss-square"
"1047","ruble-sign"
"1048","ruler"
"1049","ruler-combined"
"1050","ruler-horizontal"
"1051","ruler-vertical"
"1052","running"
"1053","rupee-sign"
"1054","rust"
"1055","sad-cry"
"1056","sad-tear"
"1057","safari"
"1058","salesforce"
"1059","sass"
"1060","satellite"
"1061","satellite-dish"
"1062","save"
"1063","schlix"
"1064","school"
"1065","screwdriver"
"1066","scribd"
"1067","scroll"
"1068","sd-card"
"1069","search"
"1070","search-dollar"
"1071","search-location"
"1072","search-minus"
"1073","search-plus"
"1074","searchengin"
"1075","seedling"
"1076","sellcast"
"1077","sellsy"
"1078","server"
"1079","servicestack"
"1080","shapes"
"1081","share"
"1082","share-alt"
"1083","share-alt-square"
"1084","share-square"
"1085","shekel-sign"
"1086","shield-alt"
"1087","shield-virus"
"1088","ship"
"1089","shipping-fast"
"1090","shirtsinbulk"
"1091","shoe-prints"
"1092","shopify"
"1093","shopping-bag"
"1094","shopping-basket"
"1095","shopping-cart"
"1096","shopware"
"1097","shower"
"1098","shuttle-van"
"1099","sign"
"1100","sign-in-alt"
"1101","sign-language"
"1102","sign-out-alt"
"1103","signal"
"1104","signature"
"1105","sim-card"
"1106","simplybuilt"
"1107","sink"
"1108","sistrix"
"1109","sitemap"
"1110","sith"
"1111","skating"
"1112","sketch"
"1113","skiing"
"1114","skiing-nordic"
"1115","skull"
"1116","skull-crossbones"
"1117","skyatlas"
"1118","skype"
"1119","slack"
"1120","slack-hash"
"1121","slash"
"1122","sleigh"
"1123","sliders-h"
"1124","slideshare"
"1125","smile"
"1126","smile-beam"
"1127","smile-wink"
"1128","smog"
"1129","smoking"
"1130","smoking-ban"
"1131","sms"
"1132","snapchat"
"1133","snapchat-ghost"
"1134","snapchat-square"
"1135","snowboarding"
"1136","snowflake"
"1137","snowman"
"1138","snowplow"
"1139","soap"
"1140","socks"
"1141","solar-panel"
"1142","sort"
"1143","sort-alpha-down"
"1144","sort-alpha-down-alt"
"1145","sort-alpha-up"
"1146","sort-alpha-up-alt"
"1147","sort-amount-down"
"1148","sort-amount-down-alt"
"1149","sort-amount-up"
"1150","sort-amount-up-alt"
"1151","sort-down"
"1152","sort-numeric-down"
"1153","sort-numeric-down-alt"
"1154","sort-numeric-up"
"1155","sort-numeric-up-alt"
"1156","sort-up"
"1157","soundcloud"
"1158","sourcetree"
"1159","spa"
"1160","space-shuttle"
"1161","speakap"
"1162","speaker-deck"
"1163","spell-check"
"1164","spider"
"1165","spinner"
"1166","splotch"
"1167","spotify"
"1168","spray-can"
"1169","square"
"1170","square-full"
"1171","square-root-alt"
"1172","squarespace"
"1173","stack-exchange"
"1174","stack-overflow"
"1175","stackpath"
"1176","stamp"
"1177","star"
"1178","star-and-crescent"
"1179","star-half"
"1180","star-half-alt"
"1181","star-of-david"
"1182","star-of-life"
"1183","staylinked"
"1184","steam"
"1185","steam-square"
"1186","steam-symbol"
"1187","step-backward"
"1188","step-forward"
"1189","stethoscope"
"1190","sticker-mule"
"1191","sticky-note"
"1192","stop"
"1193","stop-circle"
"1194","stopwatch"
"1195","stopwatch-20"
"1196","store"
"1197","store-alt"
"1198","store-alt-slash"
"1199","store-slash"
"1200","strava"
"1201","stream"
"1202","street-view"
"1203","strikethrough"
"1204","stripe"
"1205","stripe-s"
"1206","stroopwafel"
"1207","studiovinari"
"1208","stumbleupon"
"1209","stumbleupon-circle"
"1210","subscript"
"1211","subway"
"1212","suitcase"
"1213","suitcase-rolling"
"1214","sun"
"1215","superpowers"
"1216","superscript"
"1217","supple"
"1218","surprise"
"1219","suse"
"1220","swatchbook"
"1221","swift"
"1222","swimmer"
"1223","swimming-pool"
"1224","symfony"
"1225","synagogue"
"1226","sync"
"1227","sync-alt"
"1228","syringe"
"1229","table"
"1230","table-tennis"
"1231","tablet"
"1232","tablet-alt"
"1233","tablets"
"1234","tachometer-alt"
"1235","tag"
"1236","tags"
"1237","tape"
"1238","tasks"
"1239","taxi"
"1240","teamspeak"
"1241","teeth"
"1242","teeth-open"
"1243","telegram"
"1244","telegram-plane"
"1245","temperature-high"
"1246","temperature-low"
"1247","tencent-weibo"
"1248","tenge"
"1249","terminal"
"1250","text-height"
"1251","text-width"
"1252","th"
"1253","th-large"
"1254","th-list"
"1255","the-red-yeti"
"1256","theater-masks"
"1257","themeco"
"1258","themeisle"
"1259","thermometer"
"1260","thermometer-empty"
"1261","thermometer-full"
"1262","thermometer-half"
"1263","thermometer-quarter"
"1264","thermometer-three-quarters"
"1265","think-peaks"
"1266","thumbs-down"
"1267","thumbs-up"
"1268","thumbtack"
"1269","ticket-alt"
"1270","tiktok"
"1271","times"
"1272","times-circle"
"1273","tint"
"1274","tint-slash"
"1275","tired"
"1276","toggle-off"
"1277","toggle-on"
"1278","toilet"
"1279","toilet-paper"
"1280","toilet-paper-slash"
"1281","toolbox"
"1282","tools"
"1283","tooth"
"1284","torah"
"1285","torii-gate"
"1286","tractor"
"1287","trade-federation"
"1288","trademark"
"1289","traffic-light"
"1290","trailer"
"1291","train"
"1292","tram"
"1293","transgender"
"1294","transgender-alt"
"1295","trash"
"1296","trash-alt"
"1297","trash-restore"
"1298","trash-restore-alt"
"1299","tree"
"1300","trello"
"1301","tripadvisor"
"1302","trophy"
"1303","truck"
"1304","truck-loading"
"1305","truck-monster"
"1306","truck-moving"
"1307","truck-pickup"
"1308","tshirt"
"1309","tty"
"1310","tumblr"
"1311","tumblr-square"
"1312","tv"
"1313","twitch"
"1314","twitter"
"1315","twitter-square"
"1316","typo3"
"1317","uber"
"1318","ubuntu"
"1319","uikit"
"1320","umbraco"
"1321","umbrella"
"1322","umbrella-beach"
"1323","uncharted"
"1324","underline"
"1325","undo"
"1326","undo-alt"
"1327","uniregistry"
"1328","unity"
"1329","universal-access"
"1330","university"
"1331","unlink"
"1332","unlock"
"1333","unlock-alt"
"1334","unsplash"
"1335","untappd"
"1336","upload"
"1337","ups"
"1338","usb"
"1339","user"
"1340","user-alt"
"1341","user-alt-slash"
"1342","user-astronaut"
"1343","user-check"
"1344","user-circle"
"1345","user-clock"
"1346","user-cog"
"1347","user-edit"
"1348","user-friends"
"1349","user-graduate"
"1350","user-injured"
"1351","user-lock"
"1352","user-md"
"1353","user-minus"
"1354","user-ninja"
"1355","user-nurse"
"1356","user-plus"
"1357","user-secret"
"1358","user-shield"
"1359","user-slash"
"1360","user-tag"
"1361","user-tie"
"1362","user-times"
"1363","users"
"1364","users-cog"
"1365","users-slash"
"1366","usps"
"1367","ussunnah"
"1368","utensil-spoon"
"1369","utensils"
"1370","vaadin"
"1371","vector-square"
"1372","venus"
"1373","venus-double"
"1374","venus-mars"
"1375","vest"
"1376","vest-patches"
"1377","viacoin"
"1378","viadeo"
"1379","viadeo-square"
"1380","vial"
"1381","vials"
"1382","viber"
"1383","video"
"1384","video-slash"
"1385","vihara"
"1386","vimeo"
"1387","vimeo-square"
"1388","vimeo-v"
"1389","vine"
"1390","virus"
"1391","virus-slash"
"1392","viruses"
"1393","vk"
"1394","vnv"
"1395","voicemail"
"1396","volleyball-ball"
"1397","volume-down"
"1398","volume-mute"
"1399","volume-off"
"1400","volume-up"
"1401","vote-yea"
"1402","vr-cardboard"
"1403","vuejs"
"1404","walking"
"1405","wallet"
"1406","warehouse"
"1407","watchman-monitoring"
"1408","water"
"1409","wave-square"
"1410","waze"
"1411","weebly"
"1412","weibo"
"1413","weight"
"1414","weight-hanging"
"1415","weixin"
"1416","whatsapp"
"1417","whatsapp-square"
"1418","wheelchair"
"1419","whmcs"
"1420","wifi"
"1421","wikipedia-w"
"1422","wind"
"1423","window-close"
"1424","window-maximize"
"1425","window-minimize"
"1426","window-restore"
"1427","windows"
"1428","wine-bottle"
"1429","wine-glass"
"1430","wine-glass-alt"
"1431","wix"
"1432","wizards-of-the-coast"
"1433","wodu"
"1434","wolf-pack-battalion"
"1435","won-sign"
"1436","wordpress"
"1437","wordpress-simple"
"1438","wpbeginner"
"1439","wpexplorer"
"1440","wpforms"
"1441","wpressr"
"1442","wrench"
"1443","x-ray"
"1444","xbox"
"1445","xing"
"1446","xing-square"
"1447","y-combinator"
"1448","yahoo"
"1449","yammer"
"1450","yandex"
"1451","yandex-international"
"1452","yarn"
"1453","yelp"
"1454","yen-sign"
"1455","yin-yang"
"1456","yoast"
"1457","youtube"
"1458","youtube-square"
"1459","zhihu"
